<?xml version="1.0" encoding="UTF-8" ?>
<!DOCTYPE log4j:configuration SYSTEM "log4j.dtd">

<log4j:configuration xmlns:log4j="http://jakarta.apache.org/log4j/">
    <appender name="CONSOLE" class="org.apache.log4j.ConsoleAppender"> 
        <layout class="org.apache.log4j.PatternLayout"> 
            <param name="ConversionPattern" value="%-5p %c{1} - %m%n"/> 
        </layout> 
    </appender> 

    <root> 
        <priority value ="debug" /> 
        <appender-ref ref="CONSOLE" /> 
    </root>
  
</log4j:configuration>